accelX,accelY,accelZ,magX,magY,magZ,gyroX,gyroY,gyroZ
203,62,-2088,-152,116,-24,7,22,0
205,62,-2088,-155,113,-17,10,20,0
201,65,-2096,-145,113,-9,7,21,0
202,64,-2089,-147,113,-15,8,23,0
201,59,-2090,-153,107,-13,5,20,0
203,62,-2088,-152,106,-12,8,20,1
199,65,-2091,-149,105,1,9,23,1
199,61,-2085,-150,112,-6,5,23,-1
202,61,-2085,-151,111,-13,6,22,0
203,60,-2087,-152,114,-18,4,20,0
203,62,-2088,-155,109,-7,5,25,-2
198,65,-2090,-147,113,-15,6,23,0
203,60,-2081,-150,112,-18,5,19,2
205,58,-2089,-145,115,-11,9,19,0
203,65,-2089,-148,112,-12,6,23,3
201,64,-2089,-150,116,-12,7,22,-2
199,63,-2092,-148,118,-14,6,21,1
199,60,-2084,-149,115,-9,8,21,0
200,57,-2091,-147,109,-15,5,22,0
202,59,-2089,-153,123,-11,6,22,0
203,60,-2090,-158,112,-12,5,23,-1
204,60,-2085,-143,109,-7,7,21,1
198,60,-2086,-152,110,-18,8,24,0
206,61,-2095,-151,105,-7,5,23,-1
206,59,-2085,-154,114,-14,8,22,3
204,61,-2088,-143,111,-7,7,24,0
201,57,-2088,-150,120,-10,7,22,0
201,62,-2087,-147,115,-13,9,24,-1
202,62,-2085,-147,109,-13,7,22,1
204,60,-2086,-155,117,-7,6,21,2
201,62,-2090,-148,116,-10,6,23,0
205,63,-2086,-154,108,-8,7,21,0
203,62,-2090,-145,111,-15,5,22,1
202,59,-2092,-150,110,-12,7,22,2
204,60,-2091,-154,104,-12,6,23,0
202,67,-2091,-156,112,-16,7,24,0
200,61,-2087,-157,111,-11,6,22,1
203,64,-2096,-151,113,-7,6,25,-1
201,55,-2085,-147,111,-15,9,23,-3
203,61,-2083,-153,111,-17,7,19,-2
206,61,-2088,-153,113,-15,6,22,-2
203,60,-2086,-152,108,-12,4,23,0
200,61,-2084,-156,118,-12,4,21,0
203,62,-2089,-152,110,-6,7,22,0
204,65,-2086,-150,108,-12,7,21,-1
202,60,-2093,-150,110,-12,9,21,0
205,61,-2093,-152,116,-10,9,23,-1
202,63,-2089,-146,112,-14,7,21,0
202,60,-2088,-148,108,-16,8,20,0
199,60,-2092,-153,115,-15,7,23,2
204,63,-2092,-149,109,-13,7,20,1
204,61,-2091,-155,111,-7,8,21,1
203,62,-2094,-145,113,-13,7,24,1
202,63,-2081,-147,113,-11,10,21,0
201,62,-2093,-151,119,-13,6,22,2
204,65,-2091,-146,112,-10,8,23,1
204,63,-2088,-148,110,-10,9,24,0
205,61,-2085,-145,105,-11,9,20,2
200,54,-2087,-149,111,-17,5,27,1
202,61,-2085,-149,105,-15,5,20,3
201,59,-2087,-157,105,-11,7,19,-1
201,57,-2086,-153,103,-21,7,23,2
202,60,-2091,-144,108,-6,6,21,0
203,62,-2090,-145,111,-15,7,19,-1
200,63,-2087,-152,110,-18,7,21,-1
203,58,-2086,-151,121,-13,8,24,0
203,60,-2084,-159,111,-15,8,21,0
205,60,-2091,-153,113,-5,9,22,2
200,64,-2094,-149,111,-11,5,22,-1
201,62,-2093,-149,105,-13,8,22,1
200,61,-2088,-157,111,-13,5,21,-2
199,62,-2092,-149,119,-11,8,25,2
202,63,-2088,-149,115,-9,8,21,0
201,60,-2083,-148,114,-14,6,22,2
200,62,-2088,-155,115,-13,7,21,-1
205,64,-2087,-149,111,-11,7,23,2
203,65,-2090,-151,113,-15,7,22,0
200,60,-2085,-141,111,-13,7,19,1
202,60,-2081,-153,109,-11,6,21,1
200,61,-2091,-151,113,-19,5,23,0
201,60,-2093,-151,111,-15,7,21,2
203,59,-2084,-153,113,-13,6,20,1
205,66,-2085,-153,109,-11,6,23,0
202,61,-2091,-150,112,-20,6,20,1
206,63,-2085,-155,97,-3,9,22,-1
202,59,-2095,-143,117,-13,6,21,2
202,60,-2085,-150,114,-10,3,21,1
201,61,-2091,-162,114,-16,7,22,3
202,58,-2090,-149,107,-7,6,20,-1
204,63,-2089,-152,112,-10,6,21,-1
202,61,-2090,-151,109,-13,7,24,-1
203,63,-2084,-145,107,-13,8,21,-3
203,63,-2088,-156,116,-14,8,23,-2
205,63,-2086,-140,112,-8,9,25,0
204,60,-2091,-149,113,-13,7,22,-1
200,59,-2094,-145,107,-13,7,24,0
200,55,-2090,-151,111,-11,9,26,-1
200,58,-2089,-147,109,-7,7,21,-2
205,60,-2090,-150,114,-12,6,22,1
199,65,-2091,-152,118,-12,8,24,-1
199,62,-2087,-153,111,-15,8,21,0
202,63,-2087,-155,107,-13,7,24,1
204,62,-2094,-148,104,-10,9,23,0
196,61,-2086,-155,109,-17,4,21,1
203,65,-2084,-147,111,-5,5,24,-1
202,57,-2090,-160,110,-10,8,19,-1
206,59,-2086,-155,109,-5,7,21,1
201,63,-2081,-152,118,-8,3,22,0
201,64,-2084,-159,111,-15,7,21,0
203,58,-2097,-149,117,-19,7,22,0
204,64,-2086,-151,107,-11,8,22,1
198,61,-2090,-151,113,-13,9,20,0
203,56,-2098,-147,117,-15,7,24,0
199,61,-2086,-143,123,-7,6,23,0
204,64,-2091,-154,110,-14,6,20,3
202,58,-2089,-154,122,-16,7,22,-3
200,61,-2092,-150,112,-14,6,19,0
202,62,-2087,-152,118,-14,5,20,-2
204,62,-2086,-154,114,-12,10,22,-1
204,59,-2094,-155,113,-11,5,21,0
201,61,-2092,-152,108,-10,7,23,0
202,59,-2090,-141,105,-5,8,24,0
203,62,-2082,-159,107,-11,8,20,2
203,67,-2092,-155,109,-19,7,24,1
201,59,-2093,-151,115,-15,5,19,1
201,61,-2087,-151,117,-13,3,22,0
204,59,-2082,-151,109,-19,7,25,1
204,64,-2093,-149,113,-15,8,21,0
206,61,-2088,-151,111,-9,8,23,1
200,59,-2083,-149,115,-13,7,20,1
201,60,-2088,-153,109,-13,10,21,2
204,58,-2094,-154,108,-16,8,24,-1
197,57,-2091,-145,119,-13,5,20,-2
203,60,-2092,-149,111,-23,6,17,0
204,62,-2087,-147,111,-15,6,23,1
201,61,-2083,-150,114,-12,5,20,-2
205,63,-2098,-150,110,-8,7,21,2
200,61,-2086,-143,109,-5,6,22,1
201,60,-2091,-146,104,-8,5,21,0
202,60,-2089,-151,113,-11,7,21,2
203,61,-2090,-145,115,-13,7,21,2
202,61,-2086,-154,110,-10,5,22,3
204,64,-2092,-153,105,-13,7,22,1
198,63,-2083,-146,106,-10,8,23,0
199,66,-2091,-159,107,-13,7,21,0
201,65,-2090,-148,114,-6,5,21,1
202,62,-2084,-149,111,-15,5,18,2
204,61,-2090,-149,109,-7,5,22,-2
203,58,-2090,-151,103,-13,8,22,-1
200,60,-2090,-149,111,-17,6,22,0
201,62,-2084,-150,116,-10,7,23,0
202,62,-2095,-150,112,-16,7,23,1
197,62,-2091,-151,115,-9,7,19,0
203,60,-2088,-153,113,-7,6,22,1
199,59,-2095,-155,109,-7,6,22,-1
201,63,-2088,-148,124,-14,8,21,1
202,62,-2088,-149,107,-19,6,21,1
203,66,-2088,-145,103,-15,7,22,-1
200,64,-2088,-156,110,-12,7,21,1
199,64,-2094,-151,117,-15,4,20,1
199,59,-2090,-156,116,-12,4,23,-2
198,59,-2093,-152,112,-14,8,21,0
203,63,-2086,-159,119,-19,7,23,1
203,59,-2086,-149,107,-15,6,24,1
198,61,-2089,-152,110,-12,5,18,1
201,63,-2099,-150,112,-16,7,23,2
200,58,-2090,-149,101,-15,5,21,-1
202,58,-2091,-154,108,-18,6,22,-1
202,57,-2091,-154,110,-12,5,22,1
200,64,-2095,-155,109,-17,6,21,-1
199,61,-2094,-159,111,-11,8,22,-1
200,63,-2083,-157,121,-9,9,22,-2
202,60,-2090,-154,108,-10,5,22,1
203,62,-2094,-150,116,-20,8,20,0
201,58,-2093,-150,110,-12,9,24,1
199,63,-2086,-145,111,-15,5,20,-1
202,57,-2086,-148,112,-8,7,24,1
200,58,-2084,-145,107,-11,9,22,0
201,62,-2089,-144,110,-14,9,21,-2
201,60,-2091,-154,106,-22,7,23,1
201,61,-2094,-158,114,-6,7,22,-1
204,64,-2081,-152,110,-10,7,23,2
200,59,-2089,-150,112,-22,8,23,1
202,62,-2087,-154,106,-12,7,22,0
202,64,-2090,-146,116,-8,6,26,-2
200,60,-2089,-152,112,-16,7,23,2
202,62,-2093,-151,115,-7,7,23,0
199,62,-2091,-156,108,-14,8,22,2
199,61,-2087,-149,115,-13,6,22,3
200,63,-2097,-142,118,-10,8,23,-2
203,61,-2094,-151,107,-9,6,22,0
203,60,-2092,-152,122,-10,6,21,0
202,62,-2088,-151,107,-11,8,24,-2
203,59,-2088,-152,110,-18,8,21,1
206,58,-2093,-150,108,-16,7,20,-1
202,60,-2088,-155,115,-11,8,20,-1
199,61,-2093,-155,111,-17,8,23,0
202,63,-2089,-148,112,-12,9,20,-1
204,62,-2089,-144,104,-12,8,21,1
203,64,-2088,-158,116,-14,7,22,-1
207,64,-2087,-149,111,-19,6,23,3
204,62,-2092,-154,110,-14,9,24,-1
204,63,-2086,-154,106,-14,7,23,1
201,63,-2088,-146,108,-18,7,23,3
200,62,-2087,-146,112,-16,5,25,-1
194,61,-2085,-153,115,-11,8,23,0
197,63,-2090,-145,111,-11,6,22,1
200,61,-2093,-153,105,-13,7,22,1
204,64,-2087,-156,112,-14,4,20,2
207,59,-2095,-147,117,-15,5,24,3
207,61,-2087,-152,114,-14,7,21,1
205,61,-2092,-154,110,-18,5,22,-1
204,59,-2085,-148,106,-14,7,22,1
203,54,-2093,-149,107,-9,9,19,2
199,61,-2097,-142,120,-12,6,22,1
197,57,-2083,-144,108,-10,6,21,0
205,59,-2093,-147,115,-5,6,21,-2
202,63,-2087,-151,115,-11,9,23,1
203,61,-2089,-156,116,-10,6,21,-1
202,64,-2088,-148,108,-8,7,22,-1
199,59,-2097,-141,109,-1,8,24,0
198,62,-2085,-150,114,-14,8,24,2
201,58,-2093,-152,110,-18,9,21,2
203,60,-2086,-151,119,1,8,21,1
203,64,-2090,-151,111,-7,7,20,-1
205,63,-2088,-148,118,-12,8,23,0
199,61,-2088,-150,114,-12,9,21,0
201,60,-2088,-158,112,-14,7,23,0
202,62,-2088,-143,113,-13,6,21,0
202,59,-2085,-154,120,-8,8,21,-1
205,58,-2093,-162,114,-8,8,22,3
198,61,-2086,-152,108,-10,8,23,2
202,57,-2091,-145,115,-17,5,22,1
204,62,-2090,-151,117,-13,5,21,-1
200,61,-2094,-160,108,-14,9,22,-1
198,60,-2101,-151,109,-13,10,20,-1
204,62,-2086,-154,116,-14,8,23,0
203,60,-2093,-152,120,-18,6,22,0
198,62,-2096,-148,110,-14,4,22,2
202,64,-2086,-145,113,-7,6,22,-1
201,59,-2090,-148,104,-12,7,21,0
201,62,-2097,-157,113,-9,8,21,1
205,61,-2086,-148,106,-12,8,22,1
203,62,-2091,-148,110,-12,6,23,-2
202,59,-2091,-148,106,-24,7,22,1
200,63,-2086,-153,115,-15,7,23,2
203,56,-2086,-154,118,-14,7,23,-1
202,57,-2092,-152,116,-12,7,24,1
199,59,-2096,-154,108,-12,7,19,0
203,61,-2089,-148,116,-18,8,21,0
204,59,-2093,-155,117,-13,10,23,-1
199,65,-2089,-158,112,-18,6,22,-1
201,62,-2091,-146,114,-8,5,23,-1
202,64,-2095,-154,118,-10,6,21,1
200,58,-2091,-150,106,-4,6,21,1
200,62,-2090,-144,108,-16,9,21,0
204,62,-2089,-159,115,-13,6,23,-1
201,61,-2090,-152,114,-12,6,21,0
203,61,-2081,-157,109,-15,5,24,1
205,56,-2087,-147,103,-15,7,23,0
200,62,-2086,-151,107,-15,7,19,2
198,60,-2095,-154,108,-8,4,21,3
196,59,-2092,-150,112,-10,6,22,0
203,61,-2096,-145,117,-15,8,23,2
199,62,-2084,-151,113,-13,8,21,2
204,62,-2094,-155,117,-15,5,20,0
197,60,-2087,-144,110,-18,9,19,0
202,66,-2089,-157,113,-7,6,21,0
199,62,-2089,-148,122,-12,7,22,0
201,62,-2094,-153,115,-11,10,23,0
201,62,-2086,-142,112,-10,7,25,2
200,59,-2087,-144,106,-12,8,22,1
198,60,-2093,-153,117,-13,7,24,-1
198,59,-2088,-148,112,-16,5,20,2
198,60,-2094,-150,108,-16,6,21,2
199,61,-2085,-159,111,-15,9,23,-2
201,61,-2088,-143,107,-11,8,22,2
204,59,-2092,-143,107,-7,5,22,-1
202,66,-2091,-149,111,-11,9,23,1
203,63,-2087,-154,110,-6,7,24,0
202,61,-2085,-141,113,-11,6,22,0
198,61,-2091,-150,120,-2,9,22,-1
203,62,-2094,-148,110,-18,9,22,1
204,63,-2089,-158,104,-16,9,22,-3
202,63,-2085,-146,114,-6,7,23,0
198,61,-2098,-147,117,-13,4,20,0
202,61,-2085,-147,109,-11,5,22,1
202,58,-2094,-152,106,-12,5,23,-1
200,66,-2088,-157,111,-9,8,22,-2
203,64,-2094,-151,111,-21,9,21,0
204,64,-2094,-153,111,-21,10,23,0
199,63,-2087,-152,108,-16,6,24,2
200,64,-2085,-151,107,-11,8,23,-1
199,61,-2090,-160,110,-18,10,23,1
197,61,-2095,-151,113,-13,5,22,0
199,59,-2087,-161,111,-11,6,23,-3
203,60,-2082,-155,107,-13,9,23,0
202,64,-2090,-152,108,-18,6,23,0
200,63,-2085,-157,115,-15,6,21,2
201,57,-2093,-145,109,-7,4,24,2
206,65,-2089,-148,110,-4,8,22,1
201,59,-2088,-158,108,-16,10,22,1
202,62,-2091,-152,114,-18,4,22,1
199,63,-2091,-146,114,-8,9,20,0
200,59,-2086,-148,114,-8,7,22,2
199,61,-2091,-154,114,-12,6,22,-1
197,62,-2095,-156,114,-6,7,21,1
204,59,-2083,-154,114,-12,8,23,-2
200,59,-2088,-157,115,-15,7,22,0
200,62,-2094,-144,112,-6,5,21,0
200,60,-2093,-146,108,-16,6,23,1
204,60,-2089,-147,109,-15,5,21,1
201,58,-2090,-145,115,-23,7,22,0
197,62,-2097,-153,101,-7,6,22,0
203,62,-2091,-148,118,-12,8,24,2
203,61,-2096,-151,113,-13,6,22,-1
203,58,-2093,-154,116,-8,9,22,-1
202,60,-2091,-150,112,-14,5,22,-2
200,62,-2090,-144,114,-12,6,21,1
203,64,-2090,-147,111,-11,7,22,1
201,58,-2095,-149,115,-15,9,22,2
200,56,-2093,-143,117,-17,7,21,1
201,62,-2087,-146,114,-14,8,22,3
199,61,-2093,-145,109,-11,7,22,-1
206,64,-2088,-146,114,-16,6,23,0
198,61,-2090,-146,118,-8,9,23,2
198,59,-2095,-147,109,-21,8,22,1
198,58,-2090,-146,116,-14,7,22,0
201,63,-2087,-160,114,-14,8,24,3
201,61,-2094,-150,114,-12,5,21,-2
204,61,-2091,-148,108,-12,6,24,1
198,61,-2092,-155,115,-15,9,21,-2
198,60,-2100,-139,117,-11,5,20,0
199,58,-2088,-151,113,-11,5,21,0
205,61,-2094,-148,106,-8,8,21,0
203,60,-2093,-150,112,-14,4,23,0
200,61,-2097,-152,104,-10,7,22,0
202,59,-2092,-155,111,-9,6,22,1
201,61,-2092,-152,108,-14,7,22,1
202,61,-2082,-154,112,-16,4,21,-3
204,62,-2090,-152,106,-14,10,24,2
204,58,-2090,-148,120,-14,8,25,3
200,60,-2089,-153,113,-13,7,21,1
202,62,-2087,-147,111,-11,7,20,0
199,60,-2088,-145,119,-13,5,24,0
197,61,-2087,-150,116,-12,6,23,-1
203,60,-2092,-157,117,-13,6,21,1
202,64,-2090,-153,115,-9,9,23,0
199,60,-2092,-154,110,-10,5,24,0
203,65,-2093,-150,112,-6,6,24,1
202,61,-2090,-142,110,-14,8,23,2
202,65,-2098,-144,114,-14,7,20,-1
202,65,-2089,-154,116,-8,7,24,0
199,63,-2091,-153,113,-11,6,22,1
201,66,-2086,-159,103,-15,7,21,-1
199,66,-2097,-145,113,-17,6,22,-1
199,63,-2091,-148,112,-2,6,23,1
202,64,-2088,-149,117,-11,7,21,0
201,60,-2093,-146,112,-10,7,23,0
201,62,-2092,-153,113,-7,6,23,0
199,64,-2083,-148,110,-14,6,23,1
203,61,-2087,-153,121,-13,8,21,0
202,58,-2090,-147,113,-15,8,21,-2
202,61,-2088,-152,116,-10,7,22,0
201,62,-2088,-148,118,-16,9,23,-2
201,63,-2089,-150,118,-10,4,24,2
203,56,-2091,-153,115,-17,5,22,1
197,62,-2087,-150,116,-18,6,22,-1
199,62,-2084,-154,120,-10,8,22,-2
201,60,-2092,-156,114,-10,7,23,4
201,59,-2091,-156,110,-14,8,21,1
203,58,-2082,-154,110,-14,8,21,1
201,60,-2089,-148,108,-14,9,21,1
203,62,-2085,-154,116,2,6,23,1
201,61,-2084,-145,107,-7,9,22,0
202,65,-2092,-152,118,-14,5,21,0
199,63,-2090,-157,109,-11,9,22,1
199,66,-2089,-146,108,-14,8,23,2
204,61,-2083,-153,109,-19,6,23,1
203,61,-2088,-148,116,-12,4,23,2
204,59,-2083,-153,113,-13,8,23,-1
205,59,-2084,-149,117,-5,7,22,1
203,63,-2091,-146,116,-10,8,22,0
205,62,-2092,-152,110,-10,9,22,1
203,62,-2089,-148,106,-16,6,26,0
203,60,-2089,-146,120,-8,6,23,2
205,56,-2087,-150,110,-16,7,22,1
201,63,-2092,-151,107,-11,8,22,0
204,62,-2084,-149,119,-3,8,21,1
200,62,-2084,-158,106,-22,7,22,1
202,60,-2090,-157,115,-21,6,22,1
199,58,-2082,-157,109,-17,8,22,4
202,62,-2084,-147,109,-15,4,22,0
200,60,-2087,-150,120,-8,7,23,0
203,63,-2086,-144,114,-12,7,21,2
199,62,-2093,-154,118,-12,7,20,-1
204,60,-2090,-157,115,-15,7,23,1
199,65,-2091,-150,120,-10,7,23,1
199,60,-2089,-152,104,-18,9,23,-1
203,63,-2088,-152,114,-10,11,22,1
203,58,-2086,-153,115,-11,6,21,0
200,64,-2093,-151,117,-7,7,20,2
199,65,-2090,-149,109,-17,6,20,1
201,62,-2089,-156,110,-18,9,24,-1
204,59,-2088,-148,110,-12,8,23,3
203,61,-2093,-153,119,-21,6,23,0
200,62,-2084,-156,110,-16,6,20,0
205,63,-2087,-145,109,-17,10,20,2
203,62,-2084,-154,118,-10,6,22,0
200,57,-2089,-160,108,-22,7,21,1
203,62,-2091,-153,105,-17,5,22,1
204,61,-2092,-155,109,-9,6,23,-1
203,65,-2089,-150,110,-12,6,23,2
196,60,-2087,-149,111,-15,5,21,1
200,60,-2087,-153,113,-11,9,22,0
200,66,-2084,-162,104,-12,9,21,-1
203,63,-2088,-150,110,-16,6,22,1
203,61,-2086,-149,109,-15,7,20,0
201,62,-2090,-149,115,-13,9,24,0
202,62,-2091,-150,116,-10,7,22,0
199,60,-2083,-154,104,-12,5,22,0
199,61,-2091,-153,111,-13,10,23,0
203,63,-2095,-151,107,-7,7,22,2
203,61,-2091,-147,111,-7,6,23,0
202,61,-2088,-146,114,-10,9,21,0
198,63,-2084,-150,112,-14,5,24,2
204,62,-2091,-145,115,-11,7,24,0
201,62,-2088,-151,115,-3,8,22,0
203,62,-2090,-156,114,-22,6,20,0
203,60,-2082,-154,118,-16,7,21,4
199,61,-2093,-152,114,-22,8,22,1
202,61,-2091,-152,106,-10,9,19,0
204,58,-2096,-152,110,-10,6,22,1
203,64,-2088,-150,116,-8,5,21,0
202,62,-2087,-148,118,-8,4,23,2
203,62,-2085,-152,108,-14,7,21,0
201,63,-2092,-150,116,-8,11,22,2
198,57,-2089,-142,114,-14,7,21,1
204,59,-2091,-146,116,0,6,23,1
198,60,-2096,-151,105,-11,9,22,3
201,64,-2090,-147,109,-3,5,23,-2
202,61,-2086,-156,114,-6,6,20,-1
198,61,-2098,-158,114,-10,6,23,0
195,61,-2087,-154,116,-4,8,25,0
199,57,-2092,-149,117,-9,9,23,-2
204,64,-2094,-153,119,-5,5,22,1
205,61,-2088,-152,110,-10,7,22,1
201,62,-2096,-153,107,-13,7,23,2
202,62,-2082,-154,118,-12,10,22,1
202,64,-2086,-147,111,-11,6,21,1
204,62,-2084,-155,111,-13,7,20,0
199,60,-2090,-144,116,-18,6,21,1
199,59,-2084,-156,110,-14,9,24,0
200,62,-2095,-146,106,-22,7,23,-2
199,59,-2095,-153,115,-15,5,24,-2
197,63,-2086,-145,107,-13,6,23,2
205,65,-2088,-154,126,-14,7,21,-1
203,58,-2087,-150,112,-6,6,22,-2
201,61,-2088,-159,111,-13,7,23,-2
202,58,-2086,-156,102,-12,6,25,-3
198,63,-2095,-159,119,-9,7,24,2
203,59,-2091,-147,113,-21,8,25,-2
197,59,-2091,-158,108,-14,5,22,2
198,59,-2097,-153,105,-15,5,24,-2
201,60,-2092,-152,110,-24,6,23,3
204,61,-2089,-151,111,-15,8,24,0
201,57,-2081,-149,109,-11,6,23,2
205,62,-2087,-158,110,-18,9,22,-1
200,62,-2090,-147,107,-7,7,21,0
200,61,-2099,-155,117,-19,10,24,1
203,60,-2087,-149,123,-9,5,25,-1
199,58,-2092,-151,111,-15,5,22,0
201,63,-2088,-153,109,-19,7,22,-1
201,58,-2092,-151,117,-5,7,22,3
202,61,-2085,-146,120,-14,5,21,0
201,62,-2096,-154,118,-10,6,23,0
203,64,-2077,-148,110,-18,8,23,-2
201,61,-2084,-149,121,-23,6,22,1
202,59,-2088,-151,107,-17,6,22,-1
204,63,-2091,-156,112,-8,7,22,0
206,63,-2084,-149,107,-13,9,21,-2
203,63,-2088,-148,118,-14,10,21,0
206,55,-2089,-156,112,-8,6,21,0
203,61,-2090,-142,106,-16,5,21,-1
202,66,-2089,-148,104,-14,5,22,-1
202,63,-2088,-150,106,-14,6,24,0
199,60,-2088,-156,112,-6,7,21,0
196,60,-2090,-160,116,-16,7,21,3
205,64,-2093,-151,107,-13,6,21,1
199,64,-2085,-157,113,-11,8,24,-2
199,61,-2092,-158,110,-16,9,21,-1
201,64,-2093,-149,113,-19,7,21,0
203,67,-2090,-150,120,-18,8,22,-1
203,63,-2085,-154,118,-14,6,21,2
199,64,-2092,-149,111,-13,7,22,1
202,60,-2096,-154,108,-18,9,22,1
201,60,-2091,-149,117,-7,7,21,-1
200,61,-2088,-149,113,-13,7,23,-1
203,56,-2086,-147,117,-7,7,22,0
201,62,-2092,-150,114,-8,9,20,0
201,61,-2091,-152,114,-22,8,23,2
204,60,-2091,-151,115,-15,7,23,-1
202,64,-2083,-148,112,-18,5,22,-1
200,63,-2086,-156,116,-8,4,22,0
203,62,-2088,-155,113,-15,5,21,1
202,66,-2087,-150,114,-14,6,22,2
203,63,-2085,-150,110,-10,4,25,-1
201,64,-2090,-154,110,-16,6,21,2
202,63,-2088,-150,98,-14,7,23,-1
203,63,-2090,-149,107,-5,9,22,1
202,64,-2091,-158,108,-12,7,23,0
202,61,-2087,-153,115,-11,7,22,1
202,64,-2086,-153,109,-9,7,25,-1
203,58,-2089,-150,110,-12,8,22,2
204,63,-2087,-149,103,-17,5,22,1
201,60,-2091,-163,107,-17,8,20,0
197,63,-2091,-150,114,-14,8,23,3
203,64,-2088,-149,115,-15,8,20,0
206,64,-2085,-152,112,-8,5,23,0
202,65,-2090,-144,102,-12,6,23,0
200,62,-2091,-150,114,-12,8,23,1
201,62,-2092,-153,119,-7,5,20,2
201,60,-2090,-154,116,-12,8,19,-1
201,62,-2089,-148,112,-10,4,22,-1
200,64,-2090,-154,114,-18,7,23,-1
200,58,-2087,-154,108,-12,6,22,1
200,60,-2089,-150,104,-10,9,24,0
201,65,-2090,-147,111,-11,9,25,1
201,64,-2094,-157,121,-17,9,23,1
201,62,-2090,-150,108,-18,7,21,-1
203,64,-2094,-157,115,-11,9,23,1
197,62,-2086,-146,108,-16,6,22,1
201,63,-2089,-150,112,-12,6,21,1
199,65,-2091,-152,106,-16,6,24,1
202,63,-2087,-144,108,-16,8,25,0
203,61,-2092,-158,116,-10,8,22,2
202,66,-2095,-155,117,-9,8,21,-1
200,60,-2086,-151,107,-13,9,21,0
203,65,-2094,-157,115,-7,5,19,1
200,61,-2090,-156,116,-18,7,21,0
200,64,-2090,-153,111,-13,7,25,-1
199,64,-2085,-152,112,-8,6,22,3
203,57,-2090,-144,110,-14,8,23,0
203,60,-2088,-152,108,-14,6,23,-1
201,64,-2087,-159,111,-15,5,23,2
207,66,-2090,-141,115,-13,8,21,1
202,60,-2090,-150,118,-6,6,21,-2
200,65,-2085,-157,119,-17,8,22,0
201,60,-2084,-148,114,-10,6,21,0
202,63,-2094,-149,107,-7,7,23,0
204,63,-2086,-148,106,-12,5,24,0
204,64,-2094,-152,112,-8,8,21,0
202,61,-2089,-149,113,-13,8,22,-2
201,60,-2085,-155,119,-15,7,21,-1
199,60,-2090,-152,114,-10,6,23,1
205,58,-2100,-160,116,-12,5,21,3
204,57,-2094,-151,111,-21,7,24,0
201,60,-2085,-145,109,-17,9,22,0
199,68,-2088,-151,111,-11,6,21,2
199,58,-2089,-155,111,-7,7,21,0
201,66,-2092,-148,114,-14,6,19,2
198,62,-2093,-144,112,-16,5,24,0
203,64,-2087,-153,107,-17,3,23,1
201,63,-2086,-151,107,-13,8,22,-1
198,61,-2091,-152,110,-16,8,19,1
205,62,-2090,-162,114,-2,7,23,-1
196,64,-2085,-150,116,-18,5,20,0
199,63,-2095,-155,109,-15,8,22,1
200,64,-2089,-154,108,-14,8,23,0
202,59,-2093,-148,108,-12,5,23,1
200,61,-2091,-154,112,-2,6,22,2
202,62,-2084,-144,116,-16,5,23,1
203,68,-2087,-149,109,-7,5,24,0
201,59,-2083,-156,112,-20,4,24,2
201,63,-2097,-150,110,-18,8,22,0
197,62,-2087,-155,113,-15,8,20,1
204,57,-2084,-150,116,-12,6,24,1
198,61,-2094,-152,116,-14,7,21,-2
206,60,-2091,-144,110,-8,5,22,1
200,58,-2096,-153,113,-15,9,22,1
204,62,-2096,-142,112,-4,8,23,2
205,67,-2087,-163,107,-17,8,22,0
204,63,-2089,-150,116,-14,6,21,-1
202,62,-2092,-160,114,-14,6,22,-1
199,59,-2090,-152,118,-12,8,24,-1
200,64,-2090,-153,115,-11,9,22,0
201,65,-2086,-152,114,-20,6,24,1
201,62,-2090,-156,114,-4,7,20,1
204,64,-2090,-149,103,-17,5,23,0
204,60,-2089,-161,117,-11,7,22,1
202,62,-2089,-149,111,-11,7,24,1
203,64,-2098,-145,111,-19,9,20,2
200,62,-2091,-150,116,-14,8,21,1
197,63,-2083,-148,108,-6,8,21,3
203,58,-2088,-147,111,-9,6,22,-2
201,58,-2092,-160,118,-10,7,21,0
199,63,-2085,-147,115,-19,8,21,1
202,62,-2084,-145,121,-15,8,23,2
200,62,-2088,-150,102,-12,8,21,2
202,66,-2086,-155,105,-11,4,25,1
204,60,-2089,-150,114,-8,6,23,2
205,62,-2085,-150,114,-18,6,21,-4
201,58,-2088,-155,115,-19,6,21,0
203,62,-2086,-160,110,-12,7,22,3
199,60,-2086,-155,111,-13,8,23,-2
198,62,-2084,-162,116,-16,8,23,1
200,66,-2092,-148,114,-14,6,23,0
200,63,-2090,-152,114,-8,8,26,-2
203,63,-2089,-143,119,-9,8,21,1
204,62,-2087,-153,115,-13,8,22,0
200,60,-2091,-160,112,-8,8,23,-2
204,63,-2092,-158,122,-10,9,24,-1
199,64,-2087,-154,118,-18,11,21,1
203,63,-2097,-156,108,-8,5,23,1
202,63,-2086,-155,117,-13,6,24,0
202,60,-2090,-154,114,-14,6,23,-1
200,58,-2096,-154,100,-18,4,22,0
200,61,-2086,-148,112,-10,7,22,-2
199,60,-2090,-156,118,-14,7,21,-3
199,61,-2088,-150,110,-10,8,22,0
204,62,-2087,-153,107,-9,7,24,0
203,63,-2089,-152,110,-18,4,19,0
202,60,-2086,-144,108,-10,8,21,1
204,63,-2095,-149,111,-5,4,24,0
202,64,-2083,-152,112,-12,6,22,1
205,61,-2090,-146,112,-16,7,24,2
203,60,-2086,-160,114,-16,7,24,2
202,57,-2091,-143,115,-17,5,25,1
201,61,-2089,-149,111,-11,5,21,-1
205,59,-2094,-150,108,-16,8,24,-1
202,63,-2092,-160,110,-12,5,22,-1
202,59,-2090,-148,110,-10,8,23,0
206,62,-2092,-146,110,-10,5,22,0
198,60,-2088,-148,110,-16,6,23,0
203,59,-2081,-143,113,-15,7,22,2
199,61,-2091,-156,116,-14,8,21,1
198,64,-2089,-149,111,-17,6,21,1
200,62,-2092,-157,109,-11,7,22,-1
202,64,-2095,-151,107,-11,10,21,1
197,65,-2093,-151,101,-13,5,22,1
203,61,-2092,-153,107,-17,7,23,0
203,62,-2090,-152,106,-16,7,23,0
202,64,-2096,-152,110,-12,8,21,1
206,59,-2092,-159,111,-7,8,23,-1
203,59,-2088,-153,113,-13,7,25,-1
202,61,-2085,-146,110,-14,7,20,0
202,60,-2089,-148,114,-10,8,21,2
201,63,-2089,-143,107,-7,6,20,1
199,62,-2092,-146,104,-18,7,20,0
200,64,-2092,-148,110,-10,6,22,1
202,60,-2082,-152,110,-14,9,22,1
201,62,-2090,-155,111,-19,5,24,1
203,62,-2085,-146,114,-8,6,22,0
201,60,-2086,-152,104,-18,5,25,0
202,69,-2090,-150,112,-10,6,19,-1
201,63,-2094,-158,112,-12,6,24,-1
199,61,-2086,-151,109,-13,7,24,1
203,62,-2089,-150,108,-16,7,22,0
200,64,-2086,-156,112,-8,9,23,-1
202,64,-2089,-155,107,-13,7,20,2
203,61,-2092,-147,111,-13,6,22,0
206,62,-2089,-158,108,-10,5,22,-1
201,59,-2089,-147,109,-15,7,23,1
204,60,-2089,-152,110,-16,8,24,1
196,64,-2084,-149,113,-17,10,24,0
206,62,-2087,-145,111,-3,7,21,0
199,61,-2094,-157,113,-15,4,21,3
200,62,-2091,-151,113,-15,8,22,1
205,59,-2085,-157,117,-11,6,21,0
199,62,-2092,-152,114,-12,7,23,1
202,59,-2086,-153,111,-19,7,22,-2
202,63,-2089,-149,111,-19,6,21,0
201,62,-2095,-150,106,-10,8,23,1
197,63,-2087,-150,118,-8,7,20,0
198,60,-2098,-150,116,-16,6,23,2
200,64,-2094,-151,109,-11,5,23,1
200,65,-2089,-155,115,-13,5,21,2
200,63,-2092,-151,101,-15,6,21,0
203,62,-2091,-153,117,-11,6,22,2
202,63,-2089,-152,110,-18,6,23,-1
204,60,-2090,-154,110,-12,8,21,0
201,61,-2090,-159,111,-19,7,24,0
198,61,-2091,-149,113,-17,8,22,0
204,60,-2087,-147,115,-17,5,23,0
200,61,-2083,-152,112,-10,7,24,2
206,58,-2091,-155,117,-9,8,23,0
201,65,-2091,-151,107,-17,9,23,0
198,60,-2086,-147,109,-11,6,23,0
200,58,-2095,-148,104,-12,9,23,1
200,62,-2094,-155,117,-13,7,22,2
204,58,-2093,-154,116,-10,6,23,-1
201,65,-2090,-145,109,-17,6,23,0
205,65,-2091,-152,112,-6,7,21,1
201,59,-2088,-155,109,-13,6,21,2
201,62,-2084,-145,111,-13,6,21,-1
202,62,-2091,-151,117,-9,6,24,2
198,63,-2093,-148,104,-14,6,22,-1
202,62,-2092,-148,110,-8,8,24,2
206,65,-2093,-147,113,-13,4,21,1
203,63,-2088,-155,109,-15,8,22,2
197,62,-2088,-154,118,-12,9,23,2
202,59,-2088,-150,110,-18,8,19,1
202,61,-2089,-156,106,-12,5,23,1
200,63,-2092,-148,112,-14,8,21,0
205,61,-2088,-145,107,-17,8,22,2
202,60,-2091,-145,115,-9,7,22,1
200,65,-2093,-151,109,-13,5,19,0
207,64,-2091,-159,113,-21,5,22,0
204,59,-2091,-151,109,-11,7,22,1
202,63,-2097,-155,111,-13,6,22,1
203,60,-2093,-148,104,-22,6,21,0
200,59,-2097,-153,107,-5,8,21,1
203,59,-2090,-150,112,-10,7,23,1
201,60,-2098,-146,112,-12,10,23,0
201,59,-2092,-159,103,-7,10,23,1
200,60,-2085,-153,103,-15,8,23,0
199,62,-2086,-151,111,-15,5,21,3
198,59,-2088,-155,121,-15,5,22,1
205,63,-2091,-149,113,-13,7,23,-1
203,61,-2090,-159,109,-13,7,20,-2
200,63,-2090,-148,114,-20,6,22,2
201,58,-2089,-150,106,-12,8,20,1
201,61,-2092,-150,108,-10,8,25,2
198,65,-2081,-154,104,-10,7,19,0
200,61,-2093,-154,112,-16,8,20,1
198,60,-2088,-153,113,-13,8,23,2
200,63,-2082,-156,108,-12,8,20,0
204,61,-2088,-153,119,-9,9,22,2
201,60,-2086,-150,114,-12,8,24,0
201,61,-2087,-153,109,-11,8,22,-1
203,60,-2089,-152,114,-6,7,22,0
201,60,-2086,-140,114,-14,6,22,1
199,61,-2087,-144,106,-14,6,23,0
205,60,-2087,-149,115,-15,8,23,1
200,66,-2089,-147,113,-17,8,21,0
199,62,-2090,-160,116,-12,7,22,0
199,59,-2097,-151,111,-17,5,23,-1
200,57,-2098,-141,109,-13,4,23,2
200,57,-2087,-153,119,-15,8,20,0
196,61,-2085,-156,112,-12,9,21,1
197,62,-2090,-152,108,-20,7,20,-2
203,60,-2093,-154,112,-16,7,22,1
205,65,-2095,-151,117,-11,8,20,-1
201,61,-2091,-150,122,-4,7,22,2
202,65,-2092,-146,114,-12,7,22,-1
204,63,-2084,-146,116,-12,5,22,3
203,61,-2087,-147,103,-11,7,23,2
198,63,-2089,-148,102,-12,7,21,2
205,64,-2088,-153,107,-3,8,18,3
203,61,-2098,-145,107,-13,7,23,1
201,63,-2084,-152,112,-12,6,23,0
203,58,-2087,-151,121,-7,7,21,1
202,63,-2088,-148,108,-14,8,25,1
202,63,-2086,-150,114,-14,4,20,-2
202,62,-2095,-145,119,-11,5,22,1
201,64,-2094,-152,110,-8,10,19,0
201,62,-2085,-142,112,-16,7,22,1
204,61,-2090,-157,107,-17,6,20,2
202,61,-2091,-148,112,-12,5,22,0
202,65,-2088,-153,117,-11,8,21,0
199,61,-2097,-148,110,-18,9,22,-1
200,64,-2092,-147,111,-11,7,21,1
203,64,-2086,-154,110,-20,7,22,-2
202,62,-2089,-150,118,-14,5,21,0
201,64,-2091,-146,114,-16,7,22,0
202,63,-2088,-153,105,-9,8,23,2
204,64,-2086,-148,110,-12,6,22,0
202,64,-2091,-151,115,-15,6,23,-1
205,62,-2094,-156,114,-10,8,22,-1
204,62,-2091,-151,111,-7,8,20,-1
204,60,-2087,-152,110,-8,6,21,1
205,63,-2089,-151,117,-7,7,20,-1
199,64,-2094,-164,116,-10,7,24,2
200,61,-2094,-153,113,-7,6,21,-1
201,62,-2096,-152,120,-10,10,23,1
205,60,-2090,-158,112,-14,6,24,0
201,59,-2090,-158,104,-10,4,23,3
201,60,-2089,-151,117,-13,6,24,3
203,61,-2094,-154,114,-20,6,23,2
200,64,-2094,-153,109,-17,8,22,0
201,60,-2085,-150,110,-14,5,22,2
199,60,-2093,-157,113,-13,7,25,1
202,63,-2095,-156,110,-18,7,22,0
203,60,-2096,-154,114,-18,6,21,2
200,63,-2094,-147,109,-11,7,23,0
199,59,-2084,-154,114,-18,8,20,1
201,65,-2086,-148,114,-14,7,23,0
205,58,-2089,-150,116,-10,6,22,1
205,59,-2086,-149,113,-13,5,21,0
203,61,-2087,-151,115,-15,5,21,1
202,64,-2093,-143,103,-19,6,22,0
201,62,-2087,-149,115,-13,7,22,-1
205,61,-2090,-150,118,-6,6,23,2
204,62,-2086,-140,114,-10,6,21,0
200,59,-2099,-152,110,-16,6,22,-1
207,63,-2093,-155,111,-9,5,22,2
200,64,-2091,-150,114,-14,8,23,2
203,62,-2092,-149,105,-15,6,22,-2
200,61,-2089,-160,112,-20,10,23,1
200,59,-2087,-152,110,-18,5,22,1
202,63,-2081,-155,113,-19,6,23,-1
202,59,-2094,-148,110,-12,7,20,-2
202,57,-2088,-163,107,-9,8,23,1
199,61,-2094,-154,114,-18,8,21,1
202,63,-2093,-155,115,-11,9,23,0
199,59,-2089,-151,115,-13,7,24,1
201,62,-2094,-156,114,-8,8,21,-1
206,61,-2085,-150,114,-12,8,23,2
203,60,-2082,-155,109,-3,9,26,-1
198,60,-2093,-150,112,-16,10,20,0
206,60,-2089,-146,112,-16,5,21,0
199,65,-2093,-148,110,-12,9,20,2
200,64,-2089,-145,115,-17,7,20,2
204,60,-2094,-152,118,-12,9,24,1
202,59,-2086,-156,118,-12,8,23,1
200,62,-2087,-148,112,-18,8,22,1
201,64,-2087,-152,110,-6,5,21,1
204,60,-2092,-143,111,-11,6,22,0
200,61,-2085,-154,114,-12,7,22,1
204,61,-2092,-154,114,-12,10,22,0
203,56,-2104,-154,114,-12,8,22,1
203,60,-2105,-154,114,-12,7,21,3
203,62,-2111,-154,114,-12,5,24,-2
202,57,-2102,-154,114,-12,8,22,0
202,59,-2106,-154,114,-12,8,22,1
198,62,-2111,-154,114,-12,5,20,-1
204,61,-2104,-154,114,-12,6,21,-1
201,59,-2110,-154,114,-12,9,23,0
198,61,-2102,-154,114,-12,8,19,2
200,59,-2101,-154,114,-12,7,22,-1
199,60,-2109,-154,114,-12,7,21,-1
201,61,-2107,-154,114,-12,9,21,-1
202,62,-2107,-154,114,-12,9,21,0
203,65,-2106,-154,114,-12,4,22,0
199,60,-2105,-154,114,-12,8,22,0
199,63,-2108,-154,114,-12,5,24,1
200,63,-2111,-154,114,-12,7,24,-1
202,57,-2108,-154,114,-12,7,25,0
201,63,-2100,-154,114,-12,5,23,1
204,59,-2113,-154,114,-12,7,21,1
200,62,-2115,-154,114,-12,4,20,-1
200,57,-2104,-154,114,-12,6,20,0
207,61,-2111,-154,114,-12,9,23,0
198,60,-2104,-154,114,-12,7,22,-1
197,61,-2109,-154,114,-12,7,20,1
203,61,-2105,-154,114,-12,6,21,-1
201,63,-2097,-154,114,-12,8,24,-3
205,63,-2106,-154,114,-12,6,22,-1
201,60,-2107,-154,114,-12,5,25,-1
201,60,-2112,-154,114,-12,6,20,-1
201,61,-2109,-154,114,-12,5,22,1
201,57,-2113,-154,114,-12,6,19,0
202,63,-2108,-154,114,-12,7,21,-1
201,62,-2101,-154,114,-12,7,22,-1
200,62,-2113,-154,114,-12,10,23,1
203,63,-2108,-154,114,-12,3,23,1
204,59,-2112,-154,114,-12,8,22,0
201,59,-2109,-154,114,-12,7,21,0
198,59,-2111,-154,114,-12,4,21,0
202,59,-2105,-154,114,-12,7,23,-2
200,58,-2104,-154,114,-12,8,23,0
205,65,-2113,-154,114,-12,7,22,2
202,60,-2107,-154,114,-12,7,22,2
198,61,-2109,-154,114,-12,9,23,1
204,61,-2115,-154,114,-12,6,20,-1
199,60,-2108,-154,114,-12,7,23,-2
200,58,-2108,-154,114,-12,7,24,1
205,62,-2105,-154,114,-12,7,23,0
204,64,-2106,-154,114,-12,8,21,-1
203,59,-2107,-154,114,-12,7,22,-1
201,62,-2108,-154,114,-12,8,25,-1
199,61,-2113,-154,114,-12,7,22,-2
204,60,-2105,-154,114,-12,9,22,1
199,60,-2101,-154,114,-12,4,21,-1
203,56,-2107,-154,114,-12,5,23,-1
202,62,-2113,-154,114,-12,6,23,0
202,60,-2109,-154,114,-12,8,21,1
206,60,-2102,-154,114,-12,7,23,-4
203,59,-2104,-154,114,-12,8,22,-1
203,63,-2108,-154,114,-12,5,24,-1
205,61,-2114,-154,114,-12,7,22,0
204,61,-2106,-154,114,-12,8,22,-1
204,65,-2112,-154,114,-12,7,25,-1
203,64,-2103,-154,114,-12,5,24,0
202,60,-2102,-154,114,-12,7,21,0
201,59,-2108,-154,114,-12,9,24,-2
200,61,-2110,-154,114,-12,9,24,-3
205,61,-2108,-154,114,-12,7,23,0
198,64,-2107,-154,114,-12,5,24,-1
202,60,-2110,-154,114,-12,8,23,0
204,55,-2112,-154,114,-12,8,20,1
202,59,-2106,-154,114,-12,6,22,1
204,61,-2108,-154,114,-12,6,22,0
201,59,-2109,-154,114,-12,7,19,-1
203,59,-2112,-154,114,-12,7,25,0
196,58,-2105,-154,114,-12,5,21,2
203,61,-2106,-154,114,-12,6,22,-1
203,56,-2114,-154,114,-12,6,21,0
204,61,-2110,-154,114,-12,7,23,0
206,58,-2102,-154,114,-12,6,22,0
202,61,-2113,-154,114,-12,7,22,0
199,63,-2118,-154,114,-12,6,20,0
203,60,-2118,-154,114,-12,9,24,1
198,62,-2107,-154,114,-12,8,22,1
202,59,-2107,-154,114,-12,6,23,-2
202,58,-2105,-154,114,-12,7,22,-1
203,62,-2109,-154,114,-12,5,23,-1
200,63,-2109,-154,114,-12,5,21,0
198,61,-2108,-154,114,-12,5,23,-2
202,62,-2106,-154,114,-12,6,21,1
203,58,-2108,-154,114,-12,5,22,-1
205,61,-2102,-154,114,-12,6,20,0
205,65,-2111,-154,114,-12,5,23,1
201,60,-2110,-154,114,-12,8,22,-1
200,62,-2105,-154,114,-12,4,22,-2
202,58,-2106,-154,114,-12,8,23,-1
196,61,-2112,-154,114,-12,5,24,-1
203,56,-2108,-154,114,-12,8,22,0
204,61,-2113,-154,114,-12,6,22,0
201,58,-2112,-154,114,-12,7,23,-1
201,60,-2104,-154,114,-12,7,21,1
204,59,-2107,-154,114,-12,7,24,-1
201,59,-2109,-154,114,-12,8,21,1
202,62,-2110,-154,114,-12,7,22,-3
202,60,-2103,-154,114,-12,6,23,1
203,55,-2108,-154,114,-12,9,20,2
199,64,-2108,-154,114,-12,7,25,2
200,58,-2108,-154,114,-12,7,23,1
199,59,-2113,-154,114,-12,6,22,-1
203,60,-2110,-154,114,-12,7,23,-1
204,60,-2103,-154,114,-12,5,21,-2
200,63,-2109,-154,114,-12,6,23,-1
205,60,-2108,-154,114,-12,7,23,2
201,59,-2105,-154,114,-12,5,22,3
200,61,-2109,-154,114,-12,8,23,-1
202,60,-2109,-154,114,-12,7,21,-1
202,64,-2103,-154,114,-12,7,23,2
200,60,-2103,-154,114,-12,8,24,-2
202,59,-2111,-154,114,-12,5,20,-1
202,59,-2107,-154,114,-12,4,22,0
201,58,-2113,-154,114,-12,7,23,0
203,63,-2113,-154,114,-12,11,22,-1
202,59,-2108,-154,114,-12,9,24,0
205,62,-2105,-154,114,-12,5,24,0
201,59,-2104,-154,114,-12,5,21,0
202,59,-2107,-154,114,-12,6,23,0
204,63,-2108,-154,114,-12,6,22,1
200,60,-2105,-154,114,-12,7,22,0
199,61,-2112,-154,114,-12,6,23,-1
200,64,-2105,-154,114,-12,7,22,1
198,59,-2116,-154,114,-12,5,23,0
201,60,-2114,-154,114,-12,5,25,2
204,61,-2109,-154,114,-12,7,20,0
203,58,-2107,-154,114,-12,10,24,1
203,61,-2113,-154,114,-12,7,26,0
201,57,-2109,-154,114,-12,7,23,0
201,64,-2109,-154,114,-12,6,19,0
201,59,-2105,-154,114,-12,8,20,0
201,65,-2109,-154,114,-12,6,22,-1
200,62,-2111,-154,114,-12,8,20,2
202,60,-2111,-154,114,-12,6,22,0
202,59,-2117,-154,114,-12,6,24,0
204,63,-2114,-154,114,-12,7,24,0
201,63,-2118,-154,114,-12,9,21,1
197,65,-2105,-154,114,-12,6,23,-1
204,59,-2104,-154,114,-12,8,25,1
203,65,-2105,-154,114,-12,6,24,-1
200,55,-2108,-154,114,-12,6,23,-1
203,62,-2114,-154,114,-12,8,24,2
201,60,-2116,-154,114,-12,6,22,0
202,60,-2109,-154,114,-12,7,21,0
200,56,-2112,-154,114,-12,9,23,-1
203,61,-2109,-154,114,-12,5,25,3
203,62,-2112,-154,114,-12,7,21,1
198,62,-2114,-154,114,-12,6,21,-1
201,62,-2110,-154,114,-12,6,22,-1
201,62,-2105,-154,114,-12,7,21,1
198,64,-2104,-154,114,-12,8,24,0
206,59,-2111,-154,114,-12,6,20,-1
203,62,-2107,-154,114,-12,7,21,-1
207,58,-2116,-154,114,-12,8,21,0
204,62,-2110,-154,114,-12,5,22,-1
201,65,-2108,-154,114,-12,8,24,-1
201,60,-2113,-154,114,-12,8,20,-2
203,62,-2113,-154,114,-12,5,23,0
202,65,-2109,-154,114,-12,6,23,0
199,64,-2110,-154,114,-12,7,23,0
204,59,-2113,-154,114,-12,6,24,0
204,62,-2110,-154,114,-12,7,23,1
204,62,-2108,-154,114,-12,6,21,-1
199,61,-2110,-154,114,-12,6,20,0
202,63,-2104,-154,114,-12,5,22,0
202,59,-2114,-154,114,-12,7,23,0
200,58,-2108,-154,114,-12,5,21,0
203,62,-2112,-154,114,-12,8,24,2
205,60,-2106,-154,114,-12,5,22,0
202,61,-2108,-154,114,-12,7,19,0
203,60,-2114,-154,114,-12,8,22,-1
199,57,-2104,-154,114,-12,5,19,0
199,60,-2108,-154,114,-12,8,22,1
201,63,-2105,-154,114,-12,6,22,1
200,62,-2114,-154,114,-12,7,18,-1
202,57,-2109,-154,114,-12,6,24,-1
202,60,-2111,-154,114,-12,8,22,-2
201,60,-2119,-154,114,-12,6,22,1
199,60,-2108,-154,114,-12,6,21,-1
203,57,-2103,-154,114,-12,8,25,-2
199,60,-2104,-154,114,-12,7,21,-1
197,61,-2115,-154,114,-12,4,20,2
202,64,-2110,-154,114,-12,7,20,2
197,63,-2111,-154,114,-12,7,21,-1
202,64,-2114,-154,114,-12,7,23,0
197,62,-2111,-154,114,-12,7,22,1
202,57,-2108,-154,114,-12,6,23,0
203,63,-2109,-154,114,-12,7,23,0
200,67,-2108,-154,114,-12,8,21,-2
200,64,-2113,-154,114,-12,5,24,-1
204,59,-2108,-154,114,-12,5,22,-2
201,56,-2111,-154,114,-12,7,21,0
202,64,-2113,-154,114,-12,6,22,3
200,58,-2112,-154,114,-12,4,20,0
202,58,-2114,-154,114,-12,7,24,0
203,65,-2108,-154,114,-12,10,24,0
202,60,-2109,-154,114,-12,7,24,-2
197,58,-2113,-154,114,-12,6,22,2
202,61,-2111,-154,114,-12,9,23,-1
199,63,-2113,-154,114,-12,8,22,-1
203,66,-2112,-154,114,-12,6,22,-2
201,62,-2112,-154,114,-12,6,23,-1
204,62,-2111,-154,114,-12,5,22,-1
203,60,-2111,-154,114,-12,10,23,0
203,61,-2114,-154,114,-12,9,22,-1
200,60,-2108,-154,114,-12,9,23,0
201,65,-2108,-154,114,-12,9,23,-1
199,59,-2115,-154,114,-12,5,23,-1
196,65,-2106,-154,114,-12,5,23,-1
199,63,-2111,-154,114,-12,8,23,-1
199,62,-2108,-154,114,-12,7,22,0
204,62,-2108,-154,114,-12,6,21,-1
198,60,-2108,-154,114,-12,9,21,-2
202,60,-2115,-154,114,-12,8,21,-1
201,62,-2109,-154,114,-12,8,23,-1
206,56,-2114,-154,114,-12,11,24,-2
202,58,-2109,-154,114,-12,8,21,0
203,61,-2111,-154,114,-12,6,19,-1
200,62,-2108,-154,114,-12,5,20,-1
202,61,-2107,-154,114,-12,8,22,-1
201,61,-2114,-154,114,-12,6,24,-1
204,57,-2106,-154,114,-12,6,23,0
207,61,-2115,-154,114,-12,5,21,-2
207,65,-2111,-154,114,-12,8,26,1
202,65,-2112,-154,114,-12,7,21,-1
202,62,-2109,-154,114,-12,6,19,0
202,61,-2108,-154,114,-12,4,22,0
203,58,-2107,-154,114,-12,9,20,1
201,59,-2116,-154,114,-12,9,22,0
200,58,-2109,-154,114,-12,7,23,0
203,60,-2112,-154,114,-12,6,24,-4
197,58,-2109,-154,114,-12,4,22,1
201,61,-2115,-154,114,-12,7,22,-2
201,55,-2114,-154,114,-12,8,22,0
201,64,-2103,-154,114,-12,8,22,1
198,61,-2116,-154,114,-12,8,22,-1
203,61,-2108,-154,114,-12,6,23,0
197,60,-2106,-154,114,-12,6,21,-1
204,58,-2112,-154,114,-12,9,20,-1
202,60,-2108,-154,114,-12,7,22,-1
200,59,-2119,-154,114,-12,7,22,-2
199,63,-2109,-154,114,-12,8,21,1
201,60,-2115,-154,114,-12,7,21,0
202,61,-2116,-154,114,-12,8,21,-1
202,60,-2112,-154,114,-12,6,21,-1
205,59,-2110,-154,114,-12,5,23,0
203,58,-2105,-154,114,-12,5,22,0
198,65,-2115,-154,114,-12,7,22,-1
202,61,-2114,-154,114,-12,7,22,-1
200,63,-2114,-154,114,-12,7,25,-3
205,58,-2116,-154,114,-12,10,24,0
201,60,-2105,-154,114,-12,5,24,-1
195,64,-2111,-154,114,-12,8,24,1
199,63,-2110,-154,114,-12,4,22,-2
203,59,-2114,-154,114,-12,5,25,1
200,62,-2108,-154,114,-12,9,22,-2
200,61,-2103,-154,114,-12,3,23,0
201,60,-2106,-154,114,-12,5,23,2
205,58,-2107,-154,114,-12,8,24,2
201,63,-2107,-154,114,-12,7,20,0
206,59,-2112,-154,114,-12,7,24,-1
201,59,-2117,-154,114,-12,8,19,-1
204,60,-2113,-154,114,-12,4,22,-1
205,56,-2117,-154,114,-12,5,22,0
203,58,-2112,-154,114,-12,6,23,-1
200,65,-2112,-154,114,-12,6,22,-1
198,62,-2107,-154,114,-12,6,25,1
204,60,-2104,-154,114,-12,5,21,0
201,57,-2113,-154,114,-12,5,22,-1
202,58,-2111,-154,114,-12,4,22,-2
204,57,-2112,-154,114,-12,7,23,1
203,61,-2114,-154,114,-12,7,22,1
200,61,-2115,-154,114,-12,5,23,-1
200,57,-2108,-154,114,-12,6,22,-2
202,62,-2108,-154,114,-12,7,21,0
196,63,-2109,-154,114,-12,6,23,0
203,62,-2111,-154,114,-12,7,23,1
199,61,-2118,-154,114,-12,7,22,0
201,63,-2112,-154,114,-12,6,22,-1
202,61,-2113,-154,114,-12,7,24,0
200,60,-2109,-154,114,-12,5,23,-1
199,63,-2112,-154,114,-12,7,22,0
202,66,-2109,-154,114,-12,5,23,-1
202,65,-2108,-154,114,-12,9,21,-3
204,63,-2111,-154,114,-12,5,23,0
201,62,-2108,-154,114,-12,8,24,1
204,60,-2110,-154,114,-12,8,22,-1
203,57,-2117,-154,114,-12,7,23,-1
204,60,-2111,-154,114,-12,9,24,-2
203,57,-2110,-154,114,-12,8,21,0
204,61,-2110,-154,114,-12,8,24,-1
203,59,-2115,-154,114,-12,5,23,1
202,57,-2102,-154,114,-12,8,22,-1
202,59,-2117,-154,114,-12,7,24,0
206,53,-2108,-154,114,-12,7,20,-1
204,57,-2117,-154,114,-12,6,21,-1
201,63,-2107,-154,114,-12,7,22,-1
200,59,-2105,-154,114,-12,6,20,1
204,64,-2114,-154,114,-12,7,23,0
204,64,-2112,-154,114,-12,8,24,-1
203,62,-2106,-154,114,-12,4,22,0
200,60,-2108,-154,114,-12,5,23,0
202,62,-2112,-154,114,-12,5,23,0
202,64,-2109,-154,114,-12,5,23,0
199,60,-2109,-154,114,-12,5,22,1
203,59,-2104,-154,114,-12,5,20,-1
201,57,-2110,-154,114,-12,6,24,-3
196,59,-2104,-154,114,-12,6,24,-1
199,57,-2105,-154,114,-12,5,23,-1
205,58,-2108,-154,114,-12,6,22,0
203,59,-2115,-154,114,-12,6,21,-1
203,59,-2111,-154,114,-12,6,22,-1
200,62,-2112,-154,114,-12,7,25,0
200,57,-2105,-154,114,-12,6,23,0
204,58,-2112,-154,114,-12,7,21,1
201,59,-2114,-154,114,-12,6,23,-2
199,61,-2113,-154,114,-12,4,25,0
203,60,-2111,-154,114,-12,7,22,-2
202,62,-2115,-154,114,-12,9,22,-1
203,61,-2108,-154,114,-12,9,23,-1
203,63,-2111,-154,114,-12,8,23,-1
200,63,-2112,-154,114,-12,7,21,-1
206,64,-2114,-154,114,-12,7,23,1
204,63,-2108,-154,114,-12,6,21,-1
203,61,-2115,-154,114,-12,8,22,-1
203,59,-2111,-154,114,-12,3,25,-1
206,63,-2117,-154,114,-12,5,22,-1
202,61,-2109,-154,114,-12,6,23,-2
206,64,-2114,-154,114,-12,8,21,1
199,59,-2115,-154,114,-12,6,23,1
200,57,-2113,-154,114,-12,7,21,2
203,61,-2114,-154,114,-12,6,23,0
206,63,-2110,-154,114,-12,6,22,1
201,60,-2111,-154,114,-12,6,23,1
205,67,-2115,-154,114,-12,6,21,0
199,61,-2113,-154,114,-12,7,23,2
204,64,-2106,-154,114,-12,6,22,1
200,61,-2108,-154,114,-12,7,26,1
199,60,-2112,-154,114,-12,7,23,-1
205,62,-2119,-154,114,-12,7,20,1
205,60,-2111,-154,114,-12,6,23,-1
204,61,-2116,-154,114,-12,7,23,1
201,60,-2102,-154,114,-12,5,24,0
202,60,-2108,-154,114,-12,5,25,-2
201,59,-2113,-154,114,-12,9,23,-2
202,65,-2109,-154,114,-12,9,23,-1
201,59,-2112,-154,114,-12,5,25,1
201,65,-2108,-154,114,-12,9,23,1
203,61,-2109,-154,114,-12,7,23,0
198,60,-2111,-154,114,-12,8,24,0
203,61,-2109,-154,114,-12,7,24,1
204,65,-2106,-154,114,-12,6,22,0
206,62,-2111,-154,114,-12,9,24,1
201,57,-2115,-154,114,-12,9,22,0
200,59,-2113,-154,114,-12,9,21,0
198,57,-2111,-154,114,-12,9,20,1
204,64,-2115,-154,114,-12,6,23,0
205,62,-2114,-154,114,-12,8,24,0
202,62,-2113,-154,114,-12,5,24,1
198,57,-2109,-154,114,-12,6,21,2
199,59,-2113,-154,114,-12,8,23,-2
201,62,-2106,-154,114,-12,8,22,0
199,63,-2106,-154,114,-12,4,21,-1
202,61,-2106,-154,114,-12,5,26,-1
199,61,-2105,-154,114,-12,7,24,-1
200,59,-2109,-154,114,-12,8,22,-1
206,63,-2110,-154,114,-12,8,20,1
203,58,-2109,-154,114,-12,6,22,0
199,63,-2108,-154,114,-12,6,23,-2
204,59,-2107,-154,114,-12,7,23,-1
203,59,-2113,-154,114,-12,6,21,-2
202,61,-2106,-154,114,-12,4,23,-1
204,55,-2108,-154,114,-12,6,20,0
204,57,-2105,-154,114,-12,6,24,-1
202,63,-2105,-154,114,-12,7,23,-2
198,62,-2103,-154,114,-12,9,22,1
204,61,-2106,-154,114,-12,9,23,0
206,62,-2106,-154,114,-12,9,25,1
204,62,-2108,-154,114,-12,7,23,-1
203,61,-2103,-154,114,-12,6,21,-1
200,58,-2116,-154,114,-12,6,23,1
199,66,-2112,-154,114,-12,8,22,-1
198,63,-2104,-154,114,-12,8,21,-1
205,63,-2105,-154,114,-12,9,23,0
207,65,-2111,-154,114,-12,4,23,-1
203,60,-2111,-154,114,-12,9,21,0
202,60,-2107,-154,114,-12,8,22,2
206,63,-2110,-154,114,-12,7,22,1
201,60,-2109,-154,114,-12,8,22,0
203,62,-2113,-154,114,-12,6,21,0
201,63,-2112,-154,114,-12,9,26,-1
200,62,-2102,-154,114,-12,6,22,-1
204,57,-2104,-154,114,-12,8,21,0
202,61,-2111,-154,114,-12,6,23,1
199,62,-2104,-154,114,-12,7,22,-1
200,62,-2120,-154,114,-12,4,24,1
204,60,-2114,-154,114,-12,7,24,-2
199,60,-2113,-154,114,-12,7,23,1
205,61,-2109,-154,114,-12,5,22,-1
201,63,-2109,-154,114,-12,7,25,1
200,59,-2110,-154,114,-12,9,21,0
203,63,-2106,-154,114,-12,7,23,0
200,62,-2113,-154,114,-12,9,23,-1
201,63,-2110,-154,114,-12,7,23,0
203,69,-2113,-154,114,-12,7,22,1
204,62,-2114,-154,114,-12,5,23,-1
201,65,-2107,-154,114,-12,4,23,-2
199,60,-2118,-154,114,-12,4,22,0
204,57,-2106,-154,114,-12,6,22,0
203,60,-2113,-154,114,-12,5,24,1
204,59,-2108,-154,114,-12,8,22,0
199,62,-2108,-154,114,-12,8,21,0
199,57,-2107,-154,114,-12,5,22,0
201,56,-2107,-154,114,-12,5,23,2
202,58,-2111,-154,114,-12,8,24,0
197,61,-2114,-154,114,-12,8,23,0
202,59,-2113,-154,114,-12,5,23,-1
204,61,-2101,-154,114,-12,6,22,0
203,61,-2112,-154,114,-12,6,23,-1
203,64,-2105,-154,114,-12,6,23,1
203,61,-2109,-154,114,-12,6,23,3
206,60,-2108,-154,114,-12,8,21,1
199,60,-2115,-154,114,-12,6,23,-1
195,61,-2107,-154,114,-12,4,24,2
200,64,-2102,-154,114,-12,7,21,-2
197,58,-2110,-154,114,-12,8,20,1
199,56,-2110,-154,114,-12,8,21,2
203,62,-2110,-154,114,-12,7,23,-1
202,61,-2108,-154,114,-12,5,21,1
203,58,-2105,-154,114,-12,6,23,-1
201,58,-2113,-154,114,-12,6,23,-1
203,57,-2109,-154,114,-12,8,22,-1
201,60,-2107,-154,114,-12,7,22,2
199,61,-2109,-154,114,-12,9,23,1
200,59,-2114,-154,114,-12,7,19,1
202,65,-2108,-154,114,-12,8,23,1
202,59,-2113,-154,114,-12,7,23,-1
202,65,-2114,-154,114,-12,5,22,-2
201,58,-2108,-154,114,-12,4,21,0
202,60,-2112,-154,114,-12,6,24,2
199,64,-2106,-154,114,-12,5,22,0
201,61,-2112,-154,114,-12,5,22,-2
203,61,-2115,-154,114,-12,8,21,0
204,60,-2106,-154,114,-12,8,21,-1
203,59,-2107,-154,114,-12,6,24,2
205,67,-2112,-154,114,-12,8,23,0
198,63,-2113,-154,114,-12,7,25,-1
201,58,-2114,-154,114,-12,9,22,-1
201,60,-2110,-154,114,-12,6,21,-1
204,63,-2111,-154,114,-12,6,23,-1
199,58,-2108,-154,114,-12,6,22,0
201,63,-2117,-154,114,-12,7,23,-1
201,58,-2114,-154,114,-12,5,24,-1
199,63,-2106,-154,114,-12,6,23,2
200,58,-2111,-154,114,-12,8,21,0
202,62,-2113,-154,114,-12,5,24,0
204,55,-2106,-154,114,-12,8,24,-1
202,61,-2105,-154,114,-12,7,23,-2
204,61,-2109,-154,114,-12,7,22,1
204,60,-2103,-154,114,-12,7,24,-1
202,57,-2101,-154,114,-12,7,21,-2
201,63,-2113,-154,114,-12,9,23,-1
200,60,-2113,-154,114,-12,10,24,-2
203,61,-2116,-154,114,-12,8,19,-1
200,60,-2101,-154,114,-12,7,22,0
206,62,-2114,-154,114,-12,8,24,1
204,62,-2109,-154,114,-12,7,25,-1
201,63,-2111,-154,114,-12,8,22,-2
198,62,-2113,-154,114,-12,9,21,-1
198,59,-2108,-154,114,-12,8,24,-1
201,66,-2107,-154,114,-12,7,26,0
199,62,-2111,-154,114,-12,6,24,0
202,58,-2109,-154,114,-12,11,22,0
200,62,-2116,-154,114,-12,6,23,-2
205,62,-2101,-154,114,-12,6,23,-2
199,61,-2106,-154,114,-12,6,23,-1
198,65,-2109,-154,114,-12,9,25,0
201,63,-2117,-154,114,-12,7,24,-1
204,60,-2111,-154,114,-12,6,25,1
201,60,-2110,-154,114,-12,8,24,-1
198,62,-2107,-154,114,-12,7,20,-1
200,64,-2112,-154,114,-12,4,23,1
201,61,-2108,-154,114,-12,8,21,-1
202,63,-2103,-154,114,-12,5,23,0
204,63,-2114,-154,114,-12,8,24,1
201,57,-2110,-154,114,-12,6,21,-3
203,61,-2100,-154,114,-12,9,22,0
203,64,-2113,-154,114,-12,7,22,-1
200,61,-2109,-154,114,-12,7,23,2
200,65,-2107,-154,114,-12,5,21,-1
202,59,-2105,-154,114,-12,6,23,-1
203,59,-2111,-154,114,-12,8,24,-1
205,63,-2111,-154,114,-12,8,23,-1
199,62,-2108,-154,114,-12,7,24,-1
206,62,-2107,-154,114,-12,7,21,-1
202,61,-2113,-154,114,-12,5,22,0
205,58,-2115,-154,114,-12,6,21,-1
200,61,-2102,-154,114,-12,6,22,0
208,63,-2112,-154,114,-12,6,21,1
205,59,-2113,-154,114,-12,4,21,2
201,61,-2099,-154,114,-12,9,23,0
201,60,-2109,-154,114,-12,6,21,2
200,63,-2112,-154,114,-12,6,23,-1
199,59,-2107,-154,114,-12,6,24,-2
204,63,-2107,-154,114,-12,7,24,1
204,57,-2106,-154,114,-12,9,23,-1
205,63,-2109,-154,114,-12,8,20,0
204,58,-2100,-154,114,-12,5,24,-2
203,62,-2110,-154,114,-12,8,24,1
202,61,-2106,-154,114,-12,4,23,-3
202,62,-2114,-154,114,-12,5,23,0
204,60,-2115,-154,114,-12,4,22,-2
202,61,-2111,-154,114,-12,5,21,-2
199,57,-2115,-154,114,-12,7,23,-1
199,59,-2112,-154,114,-12,9,22,-1
200,59,-2110,-154,114,-12,6,22,-3
206,60,-2105,-154,114,-12,6,23,0
204,61,-2114,-154,114,-12,7,22,0
200,59,-2107,-154,114,-12,7,22,-2
204,62,-2110,-154,114,-12,7,24,1
200,59,-2106,-154,114,-12,9,21,0
204,58,-2113,-154,114,-12,8,21,0
199,60,-2106,-154,114,-12,8,21,-2
200,64,-2113,-154,114,-12,8,21,-1
202,60,-2102,-154,114,-12,6,21,-3
204,62,-2106,-154,114,-12,6,22,1
202,60,-2112,-154,114,-12,7,24,-1
203,63,-2112,-154,114,-12,2,25,-1
205,63,-2112,-154,114,-12,11,24,-2
201,60,-2114,-154,114,-12,6,19,0
203,60,-2106,-154,114,-12,8,20,-1
200,62,-2107,-154,114,-12,8,24,-2
199,66,-2102,-154,114,-12,6,25,3
201,61,-2108,-154,114,-12,6,23,-2
200,60,-2109,-154,114,-12,8,22,2
204,59,-2107,-154,114,-12,8,23,-1
202,61,-2112,-154,114,-12,7,23,1
201,61,-2109,-154,114,-12,7,21,-2
203,61,-2117,-154,114,-12,7,21,1
199,61,-2107,-154,114,-12,3,23,-1
204,60,-2110,-154,114,-12,8,23,-2
207,65,-2107,-154,114,-12,10,23,-1
202,61,-2107,-154,114,-12,7,23,-1
204,61,-2113,-154,114,-12,7,21,-3
199,58,-2109,-154,114,-12,6,23,1
199,65,-2108,-154,114,-12,4,21,0
206,63,-2105,-154,114,-12,6,23,-3
201,60,-2104,-154,114,-12,7,22,1
201,59,-2112,-154,114,-12,7,22,-1
202,59,-2105,-154,114,-12,7,22,-1
201,61,-2106,-154,114,-12,6,24,-1
203,65,-2102,-154,114,-12,4,22,0
200,55,-2108,-154,114,-12,8,25,0
199,62,-2112,-154,114,-12,7,23,0
203,59,-2107,-154,114,-12,6,22,0
200,59,-2111,-154,114,-12,5,20,0
201,63,-2111,-154,114,-12,6,25,-2
200,59,-2111,-154,114,-12,7,22,1
202,61,-2112,-154,114,-12,6,21,1
201,60,-2113,-154,114,-12,8,21,-1
202,61,-2111,-154,114,-12,6,20,-2
202,60,-2109,-154,114,-12,7,23,1
203,63,-2107,-154,114,-12,5,25,-1
201,62,-2108,-154,114,-12,8,21,1
203,57,-2106,-154,114,-12,7,23,2
205,60,-2105,-154,114,-12,7,22,-2
201,58,-2105,-154,114,-12,6,22,-2
200,60,-2109,-154,114,-12,6,21,1
200,62,-2109,-154,114,-12,7,21,0
204,63,-2107,-154,114,-12,6,21,0
198,61,-2104,-154,114,-12,7,22,-1
201,65,-2112,-154,114,-12,6,17,-3
200,63,-2106,-154,114,-12,5,19,0
203,61,-2112,-154,114,-12,5,23,-1
199,60,-2115,-154,114,-12,5,22,-1
200,59,-2107,-154,114,-12,8,23,-2
204,60,-2114,-154,114,-12,6,22,0
198,60,-2108,-154,114,-12,4,21,2
201,61,-2110,-154,114,-12,7,23,0
202,63,-2114,-154,114,-12,6,22,1
203,59,-2107,-154,114,-12,6,24,1
202,59,-2107,-154,114,-12,7,24,-1
199,64,-2106,-154,114,-12,5,22,-1
199,59,-2113,-154,114,-12,5,21,0
202,60,-2113,-154,114,-12,8,24,-2
200,57,-2108,-154,114,-12,4,23,0
205,61,-2106,-154,114,-12,9,27,1
198,58,-2104,-154,114,-12,5,19,1
204,60,-2104,-154,114,-12,6,22,1
201,64,-2105,-154,114,-12,5,20,1
200,60,-2110,-154,114,-12,5,14,-2
203,61,-2112,-154,114,-12,5,0,-1
197,61,-2106,-154,114,-12,3,6,-1
205,57,-2115,-154,114,-12,5,30,-1
200,61,-2107,-154,114,-12,3,16,0
197,61,-2103,-154,114,-12,7,29,1
197,64,-2105,-154,114,-12,9,21,-1
198,61,-2106,-154,114,-12,8,18,0
201,58,-2121,-154,114,-12,5,11,0
201,60,-2111,-154,114,-12,5,0,-1
198,58,-2105,-154,114,-12,1,3,-3
198,59,-2109,-154,114,-12,5,-2,-1
196,60,-2109,-154,114,-12,4,-1,-2
198,59,-2111,-154,114,-12,4,1,0
199,68,-2114,-154,114,-12,3,1,-2
198,55,-2103,-154,114,-12,3,7,-1
201,64,-2108,-154,114,-12,-4,-43,-2
192,59,-2113,-154,114,-12,-11,-121,-5
188,64,-2096,-154,114,-12,-11,-113,-5
189,66,-2109,-154,114,-12,1,-45,-2
186,66,-2107,-154,114,-12,-5,-66,-3
186,68,-2113,-154,114,-12,-4,-38,-2
187,61,-2112,-154,114,-12,-2,-23,1
183,68,-2106,-154,114,-12,-1,-18,-1
151,66,-2059,-154,114,-12,50,343,8
246,55,-2166,-154,114,-12,85,563,16
188,66,-2088,-154,114,-12,6,10,-2
219,59,-2126,-154,114,-12,14,58,1
209,61,-2121,-154,114,-12,18,79,1
192,64,-2091,-154,114,-12,1,-33,-3
205,60,-2107,-154,114,-12,8,29,1
209,61,-2111,-154,114,-12,-1,-23,-2
194,62,-2097,-154,114,-12,-8,-67,-2
201,63,-2109,-154,114,-12,19,105,1
206,62,-2121,-154,114,-12,1,3,-2
202,60,-2106,-154,114,-12,5,15,0
212,61,-2123,-154,114,-12,-8,-86,-2
192,61,-2110,-154,114,-12,-24,-194,-7
171,68,-2090,-154,114,-12,-13,-98,-3
192,60,-2113,-154,114,-12,42,267,7
206,56,-2125,-154,114,-12,29,161,4
197,62,-2110,-154,114,-12,7,29,-1
201,63,-2111,-154,114,-12,6,4,-3
200,61,-2111,-154,114,-12,1,-15,-3
194,60,-2090,-154,114,-12,-6,-51,-3
189,58,-2091,-154,114,-12,1,-10,-2
193,63,-2096,-154,114,-12,40,301,7
183,60,-2049,-154,114,-12,23,193,2
167,63,-2067,-154,114,-12,-54,-74,-1
217,61,-2106,-154,114,-12,12,194,5
206,65,-2104,-154,114,-12,13,155,3
210,62,-2090,-154,114,-12,15,155,1
239,54,-2123,-154,114,-12,-30,143,3
214,63,-2099,-154,114,-12,14,245,10
234,63,-2100,-154,114,-12,74,488,21
255,56,-2113,-154,114,-12,119,490,21
295,45,-2128,-154,114,-12,31,117,1
253,54,-2115,-154,114,-12,-135,-424,-22
247,58,-2106,-154,114,-12,111,375,20
234,62,-2102,-154,114,-12,-35,-113,-8
240,59,-2098,-154,114,-12,6,22,-2
250,55,-2095,-154,114,-12,50,157,0
248,53,-2093,-154,114,-12,69,234,4
268,50,-2094,-154,114,-12,79,254,4
274,49,-2096,-154,114,-12,19,70,-7
242,55,-2081,-154,114,-12,-72,-229,-24
228,55,-2076,-154,114,-12,-9,-33,-13
261,48,-2101,-154,114,-12,55,184,-2
265,50,-2101,-154,114,-12,51,160,-6
267,50,-2096,-154,114,-12,14,40,-12
256,54,-2092,-154,114,-12,-32,-110,-23
259,53,-2095,-154,114,-12,-24,-85,-20
271,49,-2111,-154,114,-12,-51,-168,-23
219,60,-2098,-154,114,-12,-165,-540,-42
222,81,-2085,-154,114,-12,-57,-208,-20
228,59,-2105,-154,114,-12,0,-3,-6
234,68,-2099,-154,114,-12,-16,-58,-14
227,66,-2111,-154,114,-12,-26,-90,-17
228,65,-2098,-154,114,-12,-7,-44,-12
217,69,-2095,-154,114,-12,16,41,-2
228,63,-2105,-154,114,-12,34,117,-1
226,64,-2112,-154,114,-12,26,90,-2
223,63,-2099,-154,114,-12,15,39,-7
229,65,-2098,-154,114,-12,20,55,-2
250,60,-2111,-154,114,-12,-6,-167,-366
268,39,-2101,-154,114,-12,5,-102,-281
230,37,-2089,-154,114,-12,9,-32,-171
241,54,-2094,-154,114,-12,17,40,-115
222,62,-2098,-154,114,-12,10,36,-7
224,66,-2102,-154,114,-12,13,42,-2
221,64,-2108,-154,114,-12,5,10,-5
233,62,-2114,-154,114,-12,-12,-34,-10
220,67,-2106,-154,114,-12,-21,-80,-11
209,69,-2109,-154,114,-12,-19,-78,-12
230,79,-2113,-154,114,-12,-18,-113,-112
224,70,-2115,-154,114,-12,3,-39,-133
226,74,-2099,-154,114,-12,9,2,-86
208,65,-2116,-154,114,-12,-6,-59,-124
202,63,-2108,-154,114,-12,-8,-80,-128
217,67,-2103,-154,114,-12,21,117,-52
213,60,-2112,-154,114,-12,68,249,2
222,64,-2100,-154,114,-12,58,192,0
224,60,-2103,-154,114,-12,45,138,-5
228,62,-2106,-154,114,-12,21,75,-9
224,64,-2090,-154,114,-12,19,58,-7
223,61,-2090,-154,114,-12,31,91,-9
215,60,-2081,-154,114,-12,87,266,3
229,57,-2089,-154,114,-12,147,463,9
